{
    "0": {
        "precision": 0.8923976608187134,
        "recall": 0.7400581959262852,
        "f1-score": 0.809119830328738,
        "support": 1031.0
    },
    "1": {
        "precision": 0.5100548446069469,
        "recall": 0.7520215633423181,
        "f1-score": 0.6078431372549019,
        "support": 371.0
    },
    "accuracy": 0.7432239657631954,
    "macro avg": {
        "precision": 0.7012262527128301,
        "recall": 0.7460398796343016,
        "f1-score": 0.70848148379182,
        "support": 1402.0
    },
    "weighted avg": {
        "precision": 0.7912213521064699,
        "recall": 0.7432239657631954,
        "f1-score": 0.7558575955709682,
        "support": 1402.0
    }
}